id,fund_name,strategy,vintage_year,commitment
1,Kestrel Ventures IV,Venture Capital,2012,"€4,200,000 EUR"
2,Quarry Hill Infrastructure Fund I,Infrastructure,2012,"$21,900,000.55 USD"
3,Silverbrook Growth Fund II,Growth Equity,2012,"€4,304,000.29 EUR"
4,Redfern Ventures III,Venture Capital,2022,"$7,969,000 USD"
5,Fairhaven Growth Fund V,Growth Equity,2013,"€10,100,000 EUR"
6,Silverbrook Capital Partners V,Private Equity,2019,"$35,096,000 USD"
7,Silverbrook Secondaries Fund III,Secondaries,2020,"$41,100,000.39 USD"
8,Pinecrest Real Estate Fund VI,Real Estate,2014,"$31,600,000 USD"
9,Zephyr Real Estate Fund II,Real Estate,2012,"¥913,000,000 JPY"
10,Valewood Growth Fund V,Growth Equity,2021,"€20,811,000 EUR"
11,Pinecrest Secondaries Fund I,Secondaries,2013,"£17,940,000 GBP"
12,Birchline Credit Opportunities VI,Private Credit,2022,"€29,455,000 EUR"
13,Lakemont Capital Partners IV,Private Equity,2016,"$7,923,000.99 USD"
14,Emberstone Infrastructure Fund IV,Infrastructure,2018,"$45,100,000 USD"
15,Redfern Credit Opportunities II,Private Credit,2017,"£36,309,000 GBP"
16,Valewood Buyout Fund II,Buyout,2012,"$9,500,000 USD"
17,Pinecrest Ventures III,Venture Capital,2017,"$27,706,000 USD"
18,Emberstone Capital Partners IV,Private Equity,2018,"£44,852,000 GBP"
19,Driftwood Secondaries Fund VI,Secondaries,2013,"$10,200,000 USD"
20,Kestrel Capital Partners I,Private Equity,2021,"$8,200,000 USD"
21,Aldergate Growth Fund II,Growth Equity,2021,"€41,826,000 EUR"
22,Lakemont Secondaries Fund I,Secondaries,2013,"$30,789,000 USD"
23,Emberstone Growth Fund VI,Growth Equity,2015,"$14,000,000 USD"
24,Quarry Hill Real Estate Fund II,Real Estate,2025,"€2,022,000 EUR"
25,Cobalt Ridge Credit Opportunities V,Private Credit,2024,"$9,000,000 USD"
26,Quarry Hill Real Estate Fund VI,Real Estate,2025,"$42,000,000 USD"
27,Meridian Oak Infrastructure Fund II,Infrastructure,2024,"$18,700,000 USD"
28,Ironwood Secondaries Fund III,Secondaries,2023,"$22,812,000 USD"
29,Lakemont Real Estate Fund I,Real Estate,2019,"$12,100,000 USD"
30,Tidewater Capital Partners IV,Private Equity,2024,"¥754,000,000 JPY"
31,Upland Growth Fund VI,Growth Equity,2014,"$20,300,000 USD"
32,Northwind Real Estate Fund I,Real Estate,2013,"£26,191,000 GBP"
33,Yarrow Ventures II,Venture Capital,2014,"C$10,155,000 CAD"
34,Tidewater Secondaries Fund VI,Secondaries,2020,"¥369,000,000 JPY"
35,Redfern Ventures I,Venture Capital,2014,"$37,600,000 USD"
36,Northwind Infrastructure Fund II,Infrastructure,2017,"$11,300,000 USD"
37,Ironwood Buyout Fund II,Buyout,2025,"$23,435,000 USD"
38,Quarry Hill Buyout Fund V,Buyout,2024,"$8,200,000 USD"
39,Fairhaven Capital Partners II,Private Equity,2017,"$24,700,000 USD"
40,Valewood Secondaries Fund I,Secondaries,2024,"£3,400,000 GBP"
41,Driftwood Secondaries Fund V,Secondaries,2020,"$4,402,000 USD"
42,Tidewater Infrastructure Fund VI,Infrastructure,2015,"$35,199,000 USD"
43,Westmarch Credit Opportunities V,Private Credit,2018,"£10,800,000 GBP"
44,Oakhurst Real Estate Fund I,Real Estate,2024,"€22,400,000 EUR"
45,Driftwood Ventures VI,Venture Capital,2019,"€9,620,000 EUR"
46,Harborview Growth Fund IV,Growth Equity,2018,"£8,800,000 GBP"
47,Quarry Hill Buyout Fund III,Buyout,2012,"$18,700,000 USD"
48,Kestrel Secondaries Fund IV,Secondaries,2013,"€21,975,000 EUR"
49,Driftwood Infrastructure Fund I,Infrastructure,2014,"$14,400,000 USD"
50,Northwind Credit Opportunities IV,Private Credit,2013,"$33,986,000 USD"
